{"N":1067,"D":17,"b":-5.999936220704459,"kernelType":"linear","w":[1.9999999999999885,1.9999999999999822,1.9999999999999971,2.0000000000000036,0,-0.999936220704483,0.9999362207044828,-2.0000000000000018,-1.0842021724855044e-19,-1,2.000000976150329,1.9999999999999876,1.9999999999999942,2.983724378680108e-16,1.339206523454095e-15,1.9999999999999936,-1.9999999999999953]}